{"cameraMode":{"drawMode":0,"name":"Shaded","section":"Shading Mode"},"sceneLighting":false,"audioPlay":false,"sceneViewState":{"showFog":true,"showMaterialUpdate":false,"showSkybox":true,"showFlares":true,"showImageEffects":true,"showParticleSystems":true},"in2DMode":false,"pivot":{"x":0.0,"y":0.481999933719635,"z":3.674999952316284},"rotation":{"x":0.06476461887359619,"y":0.008989251218736172,"z":-0.0005827485583722591,"w":0.9978599548339844},"size":14.154401779174805,"orthographic":false}